{"classification loss": 0.1518973559141159, "loss8": 1.8074012994766235, "loss9": 1.793806791305542, "test accuracy": 0.963699996471405, "loss3": 1.8190383911132812, "loss2": 1.79831862449646, "train loss": 1.0568314790725708, "loss0": 1.7809408903121948, "loss1": 1.8183910846710205, "loss6": 1.7887481451034546, "loss7": 1.8127087354660034, "loss4": 1.819342851638794, "loss5": 1.8077871799468994}