{"classification loss": 0.19732889533042908, "loss8": 1.7196217775344849, "loss9": 1.7028506994247437, "test accuracy": 0.963699996471405, "loss3": 1.7193752527236938, "loss2": 1.7341958284378052, "train loss": 1.0552934408187866, "loss0": 1.7202041149139404, "loss1": 1.7076315879821777, "loss6": 1.6802672147750854, "loss7": 1.6762902736663818, "loss4": 1.6960761547088623, "loss5": 1.6754868030548096}