{"classification loss": 0.2324504405260086, "loss8": 1.957669973373413, "loss9": 1.9598395824432373, "test accuracy": 0.9664999842643738, "loss3": 1.956514835357666, "loss2": 1.980776071548462, "train loss": 1.2205923795700073, "loss0": 1.9579336643218994, "loss1": 1.956406831741333, "loss6": 1.9493625164031982, "loss7": 1.9641107320785522, "loss4": 1.9805679321289062, "loss5": 1.9531744718551636}