{"classification loss": 0.21456870436668396, "loss8": 1.8155747652053833, "loss9": 1.8517162799835205, "test accuracy": 0.9610000252723694, "loss3": 1.8198105096817017, "loss2": 1.8320204019546509, "train loss": 1.1185814142227173, "loss0": 1.8131862878799438, "loss1": 1.8260470628738403, "loss6": 1.8175746202468872, "loss7": 1.8299020528793335, "loss4": 1.8188592195510864, "loss5": 1.8307913541793823}