{"train loss": 0.05457121878862381, "classification loss": 0.05059441551566124, "test accuracy": 0.9648000001907349}