{"classification loss": 0.20187507569789886, "loss8": 1.6587376594543457, "loss9": 1.621099829673767, "test accuracy": 0.9635999798774719, "loss3": 1.6308562755584717, "loss2": 1.6469814777374268, "train loss": 1.0344207286834717, "loss0": 1.6392309665679932, "loss1": 1.618118166923523, "loss6": 1.6306463479995728, "loss7": 1.627152442932129, "loss4": 1.642645001411438, "loss5": 1.6329423189163208}