{"classification loss": 0.20847946405410767, "loss8": 1.9817272424697876, "loss9": 1.9992527961730957, "test accuracy": 0.954800009727478, "loss3": 1.9974167346954346, "loss2": 1.9862278699874878, "train loss": 1.197617530822754, "loss0": 1.979544997215271, "loss1": 1.9723572731018066, "loss6": 1.9548977613449097, "loss7": 1.9880461692810059, "loss4": 1.9766759872436523, "loss5": 1.990671992301941}