{"classification loss": 0.1653112769126892, "loss8": 1.7568553686141968, "loss9": 1.742063283920288, "test accuracy": 0.9634000062942505, "loss3": 1.7444064617156982, "loss2": 1.7623951435089111, "train loss": 1.040020227432251, "loss0": 1.7260626554489136, "loss1": 1.7142313718795776, "loss6": 1.7581532001495361, "loss7": 1.7578256130218506, "loss4": 1.7498174905776978, "loss5": 1.754144310951233}