{"classification loss": 0.1557774692773819, "loss8": 1.7216399908065796, "loss9": 1.7191776037216187, "test accuracy": 0.9624999761581421, "loss3": 1.6847600936889648, "loss2": 1.6863512992858887, "train loss": 1.0117743015289307, "loss0": 1.7080955505371094, "loss1": 1.7241171598434448, "loss6": 1.6972943544387817, "loss7": 1.6808778047561646, "loss4": 1.7124496698379517, "loss5": 1.6819484233856201}