{"classification loss": 0.16121822595596313, "loss8": 1.6226778030395508, "loss9": 1.692428708076477, "test accuracy": 0.9664999842643738, "loss3": 1.6865437030792236, "loss2": 1.6624904870986938, "train loss": 1.0076409578323364, "loss0": 1.6807754039764404, "loss1": 1.6967087984085083, "loss6": 1.688769817352295, "loss7": 1.6497738361358643, "loss4": 1.6835567951202393, "loss5": 1.7040183544158936}