{"classification loss": 0.21853244304656982, "loss8": 1.9293895959854126, "loss9": 1.935032844543457, "test accuracy": 0.9559000134468079, "loss3": 1.9342880249023438, "loss2": 1.922245740890503, "train loss": 1.1811599731445312, "loss0": 1.8995022773742676, "loss1": 1.9377490282058716, "loss6": 1.9166821241378784, "loss7": 1.9144970178604126, "loss4": 1.9076443910598755, "loss5": 1.946122169494629}