{"classification loss": 0.6147158145904541, "loss8": 5.976872444152832, "loss9": 5.971739292144775, "test accuracy": 0.8823000192642212, "loss3": 5.967296123504639, "loss2": 6.034811496734619, "train loss": 3.6403865814208984, "loss0": 5.996548652648926, "loss1": 5.958347320556641, "loss6": 6.003051280975342, "loss7": 5.930765151977539, "loss4": 5.966497898101807, "loss5": 5.954123020172119}