{"classification loss": 0.27973422408103943, "loss8": 2.2202577590942383, "loss9": 2.2176172733306885, "test accuracy": 0.9498999714851379, "loss3": 2.2243542671203613, "loss2": 2.2299890518188477, "train loss": 1.3912047147750854, "loss0": 2.2212657928466797, "loss1": 2.210517644882202, "loss6": 2.2220373153686523, "loss7": 2.2268764972686768, "loss4": 2.2117366790771484, "loss5": 2.217759132385254}