{"classification loss": 0.22473818063735962, "loss8": 2.00907826423645, "loss9": 1.9816299676895142, "test accuracy": 0.9623000025749207, "loss3": 2.003225088119507, "loss2": 1.989050030708313, "train loss": 1.2204885482788086, "loss0": 2.0181260108947754, "loss1": 2.0080010890960693, "loss6": 1.9697717428207397, "loss7": 1.977391004562378, "loss4": 2.0141212940216064, "loss5": 1.9810794591903687}