{"classification loss": 0.19390057027339935, "loss8": 1.814060926437378, "loss9": 1.8090094327926636, "test accuracy": 0.960099995136261, "loss3": 1.8001327514648438, "loss2": 1.7818188667297363, "train loss": 1.0817934274673462, "loss0": 1.7630926370620728, "loss1": 1.800909161567688, "loss6": 1.8066743612289429, "loss7": 1.7955304384231567, "loss4": 1.8012851476669312, "loss5": 1.7990467548370361}