{"classification loss": 0.18725581467151642, "loss8": 1.8423134088516235, "loss9": 1.8376319408416748, "test accuracy": 0.9661999940872192, "loss3": 1.845423698425293, "loss2": 1.8880102634429932, "train loss": 1.116352915763855, "loss0": 1.8699299097061157, "loss1": 1.8768789768218994, "loss6": 1.8561288118362427, "loss7": 1.8743962049484253, "loss4": 1.845619559288025, "loss5": 1.8364487886428833}