{"classification loss": 0.7954205274581909, "loss8": 3.2764463424682617, "loss9": 3.2666985988616943, "test accuracy": 0.8673999905586243, "loss3": 3.280120611190796, "loss2": 3.316676378250122, "train loss": 2.4285671710968018, "loss0": 3.266326904296875, "loss1": 3.3076326847076416, "loss6": 3.2669665813446045, "loss7": 3.29257869720459, "loss4": 3.272509813308716, "loss5": 3.275918483734131}