{"classification loss": 0.24251843988895416, "loss8": 2.1056880950927734, "loss9": 2.136526107788086, "test accuracy": 0.9577999711036682, "loss3": 2.1132853031158447, "loss2": 2.1134307384490967, "train loss": 1.311246633529663, "loss0": 2.123262643814087, "loss1": 2.1298553943634033, "loss6": 2.1401560306549072, "loss7": 2.119410514831543, "loss4": 2.1349916458129883, "loss5": 2.135796546936035}