{"classification loss": 0.15363702178001404, "loss8": 1.5986764430999756, "loss9": 1.6067821979522705, "test accuracy": 0.9659000039100647, "loss3": 1.5774219036102295, "loss2": 1.5818514823913574, "train loss": 0.9510278701782227, "loss0": 1.6033626794815063, "loss1": 1.6227810382843018, "loss6": 1.577252984046936, "loss7": 1.591729760169983, "loss4": 1.6077911853790283, "loss5": 1.583150029182434}