{"classification loss": 0.19558729231357574, "loss8": 1.8909813165664673, "loss9": 1.9020507335662842, "test accuracy": 0.9567000269889832, "loss3": 1.9115757942199707, "loss2": 1.900856375694275, "train loss": 1.1381721496582031, "loss0": 1.8999861478805542, "loss1": 1.907589077949524, "loss6": 1.9041411876678467, "loss7": 1.900579810142517, "loss4": 1.8981753587722778, "loss5": 1.8940695524215698}