{"classification loss": 0.10710543394088745, "loss8": 1.454413652420044, "loss9": 1.4012995958328247, "test accuracy": 0.9659000039100647, "loss3": 1.4061373472213745, "loss2": 1.4202618598937988, "train loss": 0.8265238404273987, "loss0": 1.4256116151809692, "loss1": 1.4073501825332642, "loss6": 1.405617117881775, "loss7": 1.4018337726593018, "loss4": 1.4443544149398804, "loss5": 1.447108507156372}