{"classification loss": 0.18534041941165924, "loss8": 1.7338061332702637, "loss9": 1.7588870525360107, "test accuracy": 0.9634000062942505, "loss3": 1.730540156364441, "loss2": 1.7368154525756836, "train loss": 1.0514682531356812, "loss0": 1.7471489906311035, "loss1": 1.7404652833938599, "loss6": 1.738670825958252, "loss7": 1.7197272777557373, "loss4": 1.7568625211715698, "loss5": 1.7502175569534302}