{"classification loss": 0.2462272197008133, "loss8": 1.9392682313919067, "loss9": 1.9703407287597656, "test accuracy": 0.9607999920845032, "loss3": 1.9627374410629272, "loss2": 1.9668997526168823, "train loss": 1.2261109352111816, "loss0": 1.9348324537277222, "loss1": 1.9369957447052002, "loss6": 1.9839988946914673, "loss7": 1.955204725265503, "loss4": 1.9535019397735596, "loss5": 1.976613163948059}