{"classification loss": 0.1254313588142395, "loss8": 1.718782901763916, "loss9": 1.7167822122573853, "test accuracy": 0.9645000100135803, "loss3": 1.7140090465545654, "loss2": 1.7241241931915283, "train loss": 0.9969539046287537, "loss0": 1.7405935525894165, "loss1": 1.711799144744873, "loss6": 1.7400130033493042, "loss7": 1.72139573097229, "loss4": 1.7271475791931152, "loss5": 1.7577853202819824}