{"classification loss": 0.1352483034133911, "loss8": 1.6614019870758057, "loss9": 1.6723464727401733, "test accuracy": 0.9609000086784363, "loss3": 1.6564397811889648, "loss2": 1.6539536714553833, "train loss": 0.9834509491920471, "loss0": 1.6628414392471313, "loss1": 1.6765774488449097, "loss6": 1.645890474319458, "loss7": 1.662817358970642, "loss4": 1.6471234560012817, "loss5": 1.682157278060913}