{"classification loss": 0.19225262105464935, "loss8": 1.6375303268432617, "loss9": 1.634650468826294, "test accuracy": 0.9635000228881836, "loss3": 1.6291368007659912, "loss2": 1.6396043300628662, "train loss": 1.0138850212097168, "loss0": 1.6513237953186035, "loss1": 1.6331405639648438, "loss6": 1.6519057750701904, "loss7": 1.6738933324813843, "loss4": 1.6299831867218018, "loss5": 1.6444891691207886}