{"classification loss": 0.39892658591270447, "loss8": 2.5040597915649414, "loss9": 2.5182571411132812, "test accuracy": 0.9322999715805054, "loss3": 2.5101802349090576, "loss2": 2.513033866882324, "train loss": 1.651660442352295, "loss0": 2.529146194458008, "loss1": 2.5144903659820557, "loss6": 2.497800350189209, "loss7": 2.513899326324463, "loss4": 2.5094807147979736, "loss5": 2.5026140213012695}