{"classification loss": 0.24516910314559937, "loss8": 2.1168453693389893, "loss9": 2.095670700073242, "test accuracy": 0.9585999846458435, "loss3": 2.119755744934082, "loss2": 2.1228461265563965, "train loss": 1.2869770526885986, "loss0": 2.0837738513946533, "loss1": 2.108330726623535, "loss6": 2.0856521129608154, "loss7": 2.075922966003418, "loss4": 2.1043028831481934, "loss5": 2.095405340194702}