{"classification loss": 0.17157107591629028, "loss8": 1.884920358657837, "loss9": 1.924577236175537, "test accuracy": 0.9631999731063843, "loss3": 1.9190679788589478, "loss2": 1.8966553211212158, "train loss": 1.1382800340652466, "loss0": 1.8798019886016846, "loss1": 1.9130020141601562, "loss6": 1.9175174236297607, "loss7": 1.8949774503707886, "loss4": 1.881406545639038, "loss5": 1.9271906614303589}