{"classification loss": 0.28971239924430847, "loss8": 2.3226380348205566, "loss9": 2.2765843868255615, "test accuracy": 0.9502000212669373, "loss3": 2.315262794494629, "loss2": 2.279475450515747, "train loss": 1.443684697151184, "loss0": 2.3222765922546387, "loss1": 2.3139235973358154, "loss6": 2.3032426834106445, "loss7": 2.316244125366211, "loss4": 2.3145713806152344, "loss5": 2.3149454593658447}