{"train loss": 9.856399536132812, "classification loss": 0.7083618640899658, "test accuracy": 0.879800021648407}