{"classification loss": 0.45313212275505066, "loss8": 25.24178695678711, "loss9": 24.814077377319336, "test accuracy": 0.8761000037193298, "loss3": 25.188949584960938, "loss2": 25.112464904785156, "train loss": 13.159730911254883, "loss0": 24.892990112304688, "loss1": 25.254961013793945, "loss6": 25.116008758544922, "loss7": 25.26702117919922, "loss4": 24.517610549926758, "loss5": 25.00652313232422}