{"classification loss": 0.5633795261383057, "loss8": 2.9144768714904785, "loss9": 2.9233169555664062, "test accuracy": 0.9093000292778015, "loss3": 2.9149329662323, "loss2": 2.895822048187256, "train loss": 2.0204217433929443, "loss0": 2.9075701236724854, "loss1": 2.889648199081421, "loss6": 2.910865545272827, "loss7": 2.916027307510376, "loss4": 2.901080369949341, "loss5": 2.906611919403076}