{"classification loss": 0.17843540012836456, "loss8": 1.8001536130905151, "loss9": 1.786149263381958, "test accuracy": 0.9639000296592712, "loss3": 1.7803854942321777, "loss2": 1.8260174989700317, "train loss": 1.0742857456207275, "loss0": 1.8105236291885376, "loss1": 1.804050326347351, "loss6": 1.7862621545791626, "loss7": 1.801882266998291, "loss4": 1.7982735633850098, "loss5": 1.7849560976028442}