{"classification loss": 0.18286772072315216, "loss8": 1.8340133428573608, "loss9": 1.8295738697052002, "test accuracy": 0.9642999768257141, "loss3": 1.8385082483291626, "loss2": 1.840104579925537, "train loss": 1.0866011381149292, "loss0": 1.8369756937026978, "loss1": 1.853609561920166, "loss6": 1.858734130859375, "loss7": 1.8125981092453003, "loss4": 1.8272614479064941, "loss5": 1.8508491516113281}