{"classification loss": 0.22772228717803955, "loss8": 2.0616283416748047, "loss9": 2.024928569793701, "test accuracy": 0.9606000185012817, "loss3": 2.0708701610565186, "loss2": 2.040574550628662, "train loss": 1.266114354133606, "loss0": 2.051459312438965, "loss1": 2.0626296997070312, "loss6": 2.0777201652526855, "loss7": 2.068674087524414, "loss4": 2.0688960552215576, "loss5": 2.0519211292266846}