{"classification loss": 0.19134727120399475, "loss8": 1.7068954706192017, "loss9": 1.6845861673355103, "test accuracy": 0.9664999842643738, "loss3": 1.7212767601013184, "loss2": 1.6897600889205933, "train loss": 1.037052035331726, "loss0": 1.710119605064392, "loss1": 1.7196173667907715, "loss6": 1.7010616064071655, "loss7": 1.7146512269973755, "loss4": 1.6916881799697876, "loss5": 1.686610460281372}