{"classification loss": 0.1600983440876007, "loss8": 1.7043386697769165, "loss9": 1.7186468839645386, "test accuracy": 0.9639000296592712, "loss3": 1.7086964845657349, "loss2": 1.690402626991272, "train loss": 1.0082265138626099, "loss0": 1.72248113155365, "loss1": 1.689552664756775, "loss6": 1.7139368057250977, "loss7": 1.7203619480133057, "loss4": 1.6913812160491943, "loss5": 1.6926096677780151}