{"classification loss": 0.2701399624347687, "loss8": 1.9766781330108643, "loss9": 2.012422561645508, "test accuracy": 0.954800009727478, "loss3": 2.013911247253418, "loss2": 1.990388035774231, "train loss": 1.275283694267273, "loss0": 1.9850192070007324, "loss1": 2.013266086578369, "loss6": 2.0165810585021973, "loss7": 2.0118093490600586, "loss4": 1.9935429096221924, "loss5": 1.9932861328125}