{"classification loss": 0.3308759927749634, "loss8": 2.384861469268799, "loss9": 2.3945555686950684, "test accuracy": 0.9472000002861023, "loss3": 2.3598263263702393, "loss2": 2.3681061267852783, "train loss": 1.5270905494689941, "loss0": 2.3773717880249023, "loss1": 2.3778536319732666, "loss6": 2.380964994430542, "loss7": 2.361586570739746, "loss4": 2.3727872371673584, "loss5": 2.377789258956909}