{"classification loss": 0.13338127732276917, "loss8": 1.673240303993225, "loss9": 1.6385122537612915, "test accuracy": 0.9649999737739563, "loss3": 1.662407636642456, "loss2": 1.6475296020507812, "train loss": 0.9674198627471924, "loss0": 1.6634691953659058, "loss1": 1.663565993309021, "loss6": 1.6610571146011353, "loss7": 1.64890718460083, "loss4": 1.653041958808899, "loss5": 1.640452265739441}