{"classification loss": 0.28353583812713623, "loss8": 1.9853224754333496, "loss9": 2.0482943058013916, "test accuracy": 0.9575999975204468, "loss3": 1.9819706678390503, "loss2": 2.0160295963287354, "train loss": 1.2844423055648804, "loss0": 1.9789338111877441, "loss1": 2.0082156658172607, "loss6": 2.011824607849121, "loss7": 2.0016236305236816, "loss4": 2.0194623470306396, "loss5": 2.0006496906280518}