{"classification loss": 0.12409420311450958, "loss8": 1.5297844409942627, "loss9": 1.4743493795394897, "test accuracy": 0.9641000032424927, "loss3": 1.4736528396606445, "loss2": 1.4860366582870483, "train loss": 0.8632953763008118, "loss0": 1.4854304790496826, "loss1": 1.4814636707305908, "loss6": 1.4908742904663086, "loss7": 1.4928457736968994, "loss4": 1.5163973569869995, "loss5": 1.4933416843414307}