{"classification loss": 0.0955510064959526, "loss8": 1.4039345979690552, "loss9": 1.4027169942855835, "test accuracy": 0.963699996471405, "loss3": 1.4000439643859863, "loss2": 1.4044357538223267, "train loss": 0.800573468208313, "loss0": 1.4341470003128052, "loss1": 1.4074479341506958, "loss6": 1.3744043111801147, "loss7": 1.4117034673690796, "loss4": 1.4194064140319824, "loss5": 1.4163256883621216}