{"train loss": 0.2794126570224762, "classification loss": 0.2794126570224762, "test accuracy": 0.9111999869346619}