{"train loss": 0.3375120162963867, "classification loss": 0.3260321021080017, "test accuracy": 0.909500002861023}